BEGIN;

INSERT INTO department (id, department_name) VALUES
(1, 'Информатика'),
(2, 'Математика'),
(3, 'Физика'),
(4, 'Химия'),
(5, 'Биология'),
(6,'География'),
(7,'История'),
(8,'Литература'),
(9,'Английский язык'),
(10,'Французский язык');

INSERT INTO "group" (id, department_id, group_number, group_name) VALUES
(1,  1, '1', '1 группа'),
(2,  1, '2', '2 группа'),
(3,  2, '3', '3 группа'),
(4,  2, '4', '4 группа'),
(5,  3, '5', '5 группа'),
(6,  3, '6', '6 группа'),
(7,  4, '7', '7 группа'),
(8,  4, '8', '8 группа'),
(9,  5, '9', '9 группа'),
(10, 5, '10', '10 группа'),
(11, 6, '11', '11 группа'),
(12, 6, '12', '12 группа'),
(13, 7, '13', '13 группа'),
(14, 7, '14', '14 группа'),
(15, 8, '15', '15 группа');


INSERT INTO student (id, group_id, first_name, second_name, third_name) VALUES
(1,  1, 'Александр', 'Иванов', 'Петров'),
(2,  1, 'Николай', 'Сергеев', 'Иванов'),
(3,  2, 'Михаил', 'Михайлов', 'Иванов'),
(4,  2, 'Иван', 'Иванов', 'Иванов'),
(5,  3, 'Сергей', 'Сергеев', 'Иванов'),
(6,  3, 'Владимир', 'Владимиров', 'Иванов'),
(7,  4, 'Дмитрий', 'Дмитриев', 'Иванов'),
(8,  4, 'Алексей', 'Алексеев', 'Иванов'),
(9,  5, 'Никита', 'Никитин', 'Иванов'),
(10, 5, 'Артём', 'Артёмов', 'Иванов'),
(11, 6, 'Илья', 'Ильин', 'Иванов'),
(12, 6, 'Егор', 'Егоров', 'Иванов'),
(13, 7, 'Максим', 'Максимов', 'Иванов'),
(14, 7, 'Леонид', 'Леонидов', 'Иванов'),
(15, 8, 'Владислав', 'Владиславов', 'Иванов');

INSERT INTO position (id, position_name) VALUES
(1,'Преподаватель'),
(2,'Ассистент'),
(3,'Доцент'),
(4,'Профессор'),
(5,'Декан'),
(6,'Ректор'),
(7,'Заместитель декана'),
(8,'Заместитель ректора'),
(9,'Администратор'),
(10,'Методист');


INSERT INTO lesson_type (id, type_name) VALUES
(1, 'Лекция'),
(2, 'Семинар'),
(3, 'Практическое занятие'),
(4, 'Лабораторная работа'),
(5, 'Консультация');

INSERT INTO classroom (id, classroom_building, classroom_number) VALUES
(1,'Главный корпус', '101'),
(2,'Главный корпус', '102'),
(3,'Главный корпус', '103'),
(4,'Главный корпус', '104'),
(5,'Главный корпус', '105'),
(6,'Учебный корпус 1', '201'),
(7,'Учебный корпус 1', '202'),
(8,'Учебный корпус 1', '203'),
(9,'Учебный корпус 1', '204'),
(10,'Учебный корпус 1', '205'),
(11,'Учебный корпус 2', '301'),
(12,'Учебный корпус 2', '302'),
(13,'Учебный корпус 2', '303'),
(14,'Учебный корпус 2', '304'),
(15,'Учебный корпус 2', '305');

INSERT INTO attendance_status (id,attendance_status) VALUES
(1, 'Присутствует'),
(2,'Отсутствует'),
(3,'Опоздал');


INSERT INTO user_role (id,role_name) VALUES
(1,'Студент'),
(2,'Преподаватель'),
(3,'Администратор');


INSERT INTO teacher (id,department_id, position_id, first_name, second_name, third_name) VALUES
(1, 1, 1, 'Александр', 'Иванов', 'Петров'),
(2, 1, 2, 'Николай', 'Сергеев', 'Иванов'),
(3, 2, 3, 'Михаил', 'Михайлов', 'Иванов'),
(4, 2, 4, 'Иван', 'Иванов', 'Иванов'),
(5, 3, 5, 'Сергей', 'Сергеев', 'Иванов'),
(6, 3, 6, 'Владимир', 'Владимиров', 'Иванов'),
(7, 4, 7, 'Дмитрий', 'Дмитриев', 'Иванов'),
(8, 4, 8, 'Алексей', 'Алексеев', 'Иванов'),
(9, 5, 9, 'Никита', 'Никитин', 'Иванов'),
(10, 5, 10, 'Артём', 'Артёмов', 'Иванов'),
(11, 6, 1, 'Илья', 'Ильин', 'Иванов'),
(12, 6, 2, 'Егор', 'Егоров', 'Иванов'),
(13, 7, 3, 'Максим', 'Максимов', 'Иванов'),
(14, 7, 4, 'Леонид', 'Леонидов', 'Иванов'),
(15, 8, 5, 'Владислав', 'Владиславов', 'Иванов');

INSERT INTO course (id, course_name, course_description) VALUES
(1, 'Информатика', 'Описание курса информатики'),
(2, 'Математика', 'Описание курса математики'),
(3, 'Физика', 'Описание курса физики'),
(4, 'Химия', 'Описание курса химии'),
(5, 'Биология', 'Описание курса биологии'),
(6, 'География', 'Описание курса географии'),
(7, 'История', 'Описание курса истории'),
(8, 'Литература', 'Описание курса литературы'),
(9, 'Английский язык', 'Описание курса английского языка'),
(10, 'Французский язык', 'Описание курса французского языка'),
(11, 'Основы программирования', 'Описание курса основ программирования'),
(12, 'Дискретная математика', 'Описание курса дискретной математики'),
(13, 'Теоретическая физика', 'Описание курса теоретической физики'),
(14, 'Аналитическая химия', 'Описание курса аналитической химии'),
(15, 'Генетика', 'Описание курса генетики');

INSERT INTO student_course (id, course_id, student_id) VALUES
(1, 1, 1),
(2, 2, 2),
(3, 3, 3),
(4, 4, 4),
(5, 5, 5),
(6, 6, 6),
(7, 7, 7),
(8, 8, 8),
(9, 9, 9),
(10, 10, 10),
(11, 11, 11),
(12, 12, 12),
(13, 13, 13),
(14, 14, 14),
(15, 15, 15);

INSERT INTO lesson (id, course_id, teacher_id, classroom_id, lesson_type_id, lesson_date, start_time, end_time) VALUES
(1,  1, 1, 1, 1, '2023-09-01', '09:00:00', '10:30:00'),
(2,  2, 2, 2, 2, '2023-09-02', '10:00:00', '11:30:00'),
(3,  3, 3, 3, 3, '2023-09-03', '11:00:00', '12:30:00'),
(4,  4, 4, 4, 4, '2023-09-04', '12:00:00', '13:30:00'),
(5,  5, 5, 5, 5, '2023-09-05', '13:00:00', '14:30:00'),
(6,  6, 6, 6, 1, '2023-09-06', '14:00:00', '15:30:00'),
(7,  7, 7, 7, 2, '2023-09-07', '15:00:00', '16:30:00'),
(8,  8, 8, 8, 3, '2023-09-08', '16:00:00', '17:30:00'),
(9,  9, 9, 9, 4, '2023-09-09', '17:00:00', '18:30:00'),
(10, 10, 10, 10, 5, '2023-09-10', '18:00:00', '19:30:00'),
(11, 11, 1, 11, 1, '2023-09-11', '19:00:00', '20:30:00'),
(12, 12, 2, 12, 2, '2023-09-12', '20:00:00', '21:30:00'),
(13, 13, 3, 13, 3, '2023-09-13', '21:00:00', '22:30:00'),
(14, 14, 4, 14, 4, '2023-09-14', '22:00:00', '23:30:00'),
(15, 15, 5, 15, 5, '2023-09-15', '23:00:00', '00:30:00');

INSERT INTO grade (id, student_course_id, lesson_id, grade, grade_comment) VALUES
(1,  1, 1, 5, 'Очень хорошо'),
(2,  2, 2, 4, 'Хорошо'),
(3,  3, 3, 3, 'Удовлетворительно'),
(4,  4, 4, 2, 'Недостаточно'),
(5,  5, 5, 1, 'Плохо'),
(6,  6, 6, 5, 'Очень хорошо'),
(7,  7, 7, 4, 'Хорошо'),
(8,  8, 8, 3, 'Удовлетворительно'),
(9,  9, 9, 2, 'Недостаточно'),
(10, 10, 10, 1, 'Плохо'),
(11, 11, 11, 5, 'Отлично'),
(12, 12, 12, 4, 'Хорошо'),
(13, 13, 13, 3, 'Удовлетворительно'),
(14, 14, 14, 2, 'Неудовлетворительно'),
(15, 15, 15, 1, 'Плохо');



INSERT INTO attendance (id, student_id, lesson_id, attendance_status_id) VALUES
(1,  1, 1, 1),
(2,  2, 2, 2),
(3,  3, 3, 3),
(4,  4, 4, 1),
(5,  5, 5, 2),
(6,  6, 6, 3),
(7,  7, 7, 1),
(8,  8, 8, 2),
(9,  9, 9, 3),
(10, 10, 10, 1),
(11, 11, 11, 2),
(12, 12, 12, 3),
(13, 13, 13, 1),
(14, 14, 14, 2),
(15, 15, 15, 3);



INSERT INTO teacher_course (teacher_id, course_id) VALUES
(1, 1),
(2, 2),
(3, 3),
(4, 4),
(5, 5),
(6, 6),
(7, 7),
(8, 8),
(9, 9),
(10, 10),
(1, 11),
(2, 12),
(3, 13),
(4, 14),
(5, 15);

INSERT INTO "user" (id, user_role_id, email, password) VALUES
(1,  1, 'student1@example.com', 'password1'),
(2,  1, 'student2@example.com', 'password2'),
(3,  1, 'student3@example.com', 'password3'),
(4,  1, 'student4@example.com', 'password4'),
(5,  1, 'student5@example.com', 'password5'),
(6,  2, 'teacher1@example.com', 'password6'),
(7,  2, 'teacher2@example.com', 'password7'),
(8,  2, 'teacher3@example.com', 'password8'),
(9,  2, 'teacher4@example.com', 'password9'),
(10, 2, 'teacher5@example.com', 'password10'),
(11, 3, 'admin1@example.com', 'password11'),
(12, 3, 'admin2@example.com', 'password12'),
(13, 3, 'admin3@example.com', 'password13'),
(14, 3, 'admin4@example.com', 'password14'),
(15, 3, 'admin5@example.com', 'password15');

INSERT INTO group_lesson (group_id, lesson_id)
VALUES
    (1, 1),
    (1, 2),
    (1, 3),
    (2, 4),
    (2, 5),
    (3, 6),
    (3, 7),
    (4, 8),
    (4, 9),
    (5, 10);


COMMIT;